Emp ID,Name Prefix,First Name,Middle Initial,Last Name,Gender,E Mail,Date of Birth,Time of Birth,Age in Yrs.,Date of Joining,Age in Company (Years),Phone No. ,Place Name,County,City,Zip,Region,User Name
198429,Mrs.,Serafina,I,Bumgarner,F,serafina.bumgarner@exxonmobil.com,9/21/1982,1:53:14 am,34.87,02/01/2008,9.49,212-376-9125,Clymer,Chautauqua,Clymer,14724,Northeast,sibumgarner
178566,Mrs.,Juliette,M,Rojo,F,juliette.rojo@yahoo.co.uk,05/08/1967,6:03:23 pm,50.26,06/04/2011,6.15,215-254-9594,Glenside,Montgomery,Glenside,19038,Northeast,jmrojo
647173,Mr.,Milan,F,Krawczyk,M,milan.krawczyk@hotmail.com,04/04/1980,7:07:22 am,37.34,1/19/2012,5.53,240-748-4111,Gibson Island,Anne Arundel,Gibson Island,21056,South,mfkrawczyk
847634,Mr.,Elmer,R,Jason,M,elmer.jason@yahoo.com,04/09/1996,12:55:59 am,21.32,5/28/2017,0.17,236-751-5963,Mendota,Washington,Mendota,24270,South,erjason
260736,Ms.,Zelda,P,Forest,F,zelda.forest@ibm.com,11/27/1959,8:49:14 pm,57.71,1/28/2014,3.5,212-268-4076,Schenectady,Schenectady,Schenectady,12306,Northeast,zpforest
811306,Mr.,Rhett,P,Wan,M,rhett.wan@hotmail.com,7/14/1976,12:06:19 am,41.07,1/21/2009,8.52,209-984-3789,Selma,Fresno,Selma,93662,West,rpwan
956633,Mr.,Hal,H,Farrow,M,hal.farrow@cox.net,3/15/1967,2:45:15 am,50.41,2/25/1991,26.44,209-550-0139,Modesto,Stanislaus,Modesto,95353,West,hhfarrow
629539,Dr.,Del,I,Fernandez,M,del.fernandez@hotmail.com,8/13/1991,9:37:47 pm,25.98,04/07/2016,1.31,216-900-3642,Kent,Portage,Kent,44243,Midwest,difernandez
784160,Dr.,Corey,A,Jackman,M,corey.jackman@gmail.com,04/12/1959,12:27:16 pm,58.33,6/29/1984,33.1,212-389-8573,Jamaica,Jamaica,Jamaica,11480,Northeast,cajackman
744723,Hon.,Bibi,H,Paddock,F,bibi.paddock@yahoo.co.in,10/20/1991,10:09:34 pm,25.79,11/02/2016,0.73,423-355-3751,Rickman,Overton,Rickman,38580,South,bhpaddock
423093,Mr.,Eric,O,Manning,M,eric.manning@yahoo.com,11/02/1980,8:48:01 pm,36.76,10/28/2002,14.76,319-913-5811,Clermont,Fayette,Clermont,52135,Midwest,eomanning
